"","sigma_sq","eta"
"1",4.55139928745463,9.11192698264081
"2",3.44706641375326,11.555989959495
"3",5.53381331590431,11.501934719093
"4",2.24274565013957,15.9600642034384
"5",5.0925417220833,18.2358521771629
"6",3.58786569320005,11.4676394263896
"7",3.01278499041374,14.9323394064044
"8",4.0126602343188,15.6401134161525
"9",3.50728722692521,11.3392140410706
"10",3.5606940018457,11.7902907889904
"11",3.76607996343808,12.3838789585458
"12",3.2496852585522,10.861310449802
"13",2.73782329700412,14.2586302566437
"14",3.35942607330382,13.1079649965208
"15",2.37012369080026,15.9093342556905
"16",3.59732835465179,12.3007796260311
"17",4.72770085056174,10.4199824252774
"18",2.27704473775084,14.5996358167616
"19",4.62483049898335,15.0706758840169
"20",2.60153579903058,11.8101185884609
"21",2.51295165168121,17.0403904574721
"22",2.79324770419044,15.0668282729094
"23",3.40693053328195,10.6489169462999
"24",3.41315311692592,11.348698960519
"25",3.45811291673988,10.4673190512982
"26",3.80593287959622,12.2443125772359
"27",2.80965791501471,18.4027644438552
"28",2.31175251376681,12.9493719973305
"29",2.92354822070845,9.94228479237231
"30",3.18676268411314,9.90682667663383
"31",3.28999297500628,12.8513101316058
"32",2.66002698172673,11.7484295173104
"33",4.06394977622436,10.2283009458344
"34",3.01448464604383,9.4478949328236
"35",2.6433958951402,12.4812503893475
"36",2.83562019443759,12.7341554766691
"37",2.83802381456072,14.152481736366
"38",2.61475555840929,11.2887720048835
"39",2.67300019551885,12.087266190803
"40",3.37964646107788,14.0374355451885
"41",4.21242695861656,9.84080995713317
"42",2.18242880321956,12.5444350683619
"43",2.51815013524313,10.5543838170011
"44",3.33146738528465,14.5550112399711
"45",2.80905006519924,13.2526113449435
"46",3.16910375640149,16.6397524597822
"47",2.65766723950217,12.437814692446
"48",2.76075717879812,11.5602494277482
"49",3.41215520628903,13.057417030785
"50",3.13700134789507,10.8202698138106
"51",2.41446634861977,12.5836799540577
"52",3.77947814241292,11.0374546801276
"53",3.2207909935154,19.3304472077744
"54",2.64807842957469,10.3982936044632
"55",2.80506892689145,11.0098564389125
"56",2.66047675934611,11.5273668899277
"57",2.95652760471349,12.7941740465654
"58",3.08062974220268,11.315376354952
"59",3.44633576829393,13.9249617263323
"60",3.06220781088578,13.7938095375743
"61",2.50483151860044,13.272830931909
"62",3.257868314395,10.7163312266075
"63",3.70832859918961,10.6861696657922
"64",2.7376901912364,10.7972530383608
"65",3.39567495376891,12.3264074979377
"66",3.73238448493196,17.1100565974174
"67",2.68117129526006,11.2601071639381
"68",6.08664901250639,15.3816296014438
"69",4.29201743946469,22.9874565925746
"70",3.00157343185274,11.8108978017418
"71",2.7198196117246,8.95921472545217
"72",2.59950739484339,12.2567258712783
"73",3.39716695117045,9.10258439452247
"74",2.24036975330673,15.7305202106391
"75",2.31164086715144,14.4284332156765
"76",3.35487413211607,9.77966073312898
"77",3.03272236655804,11.7739044404928
"78",3.1252584908555,14.4007581821922
"79",4.22538587129248,11.8403840234883
"80",2.57953054637451,16.3370775163069
"81",2.76503261282007,13.1231314625817
"82",2.32999109560986,12.1800512276829
"83",3.41056794357284,10.391290269489
"84",2.89186723942087,12.3068749494299
"85",5.643897357079,16.262437387556
"86",3.37395462819704,11.3925162897921
"87",3.52161401748333,15.3378342756901
"88",4.82087688966988,12.2733913688293
"89",4.29214302104503,12.9346385330691
"90",3.00348568880147,11.9430450762846
"91",6.17841586013452,11.1085675193391
"92",3.78200068944007,7.97915175754354
"93",3.27808810479794,11.4492877569497
"94",3.89952104901352,15.1856678903803
"95",2.95694477539246,12.4601380180322
"96",2.9645251351001,12.6466738354669
"97",2.93169906372205,14.0471884686968
"98",3.56123054513806,13.4435328295894
"99",3.76645655731802,12.092564263887
"100",2.70857625447425,9.22923468812804
"101",2.54156694546332,12.9465561959335
"102",2.44927093658694,11.4807436113832
"103",3.74691876525562,14.3525670795102
"104",2.98073782923921,13.2411747957694
"105",2.67694910480059,12.3460572830166
"106",2.21533151943062,9.64278993704348
"107",3.20905549957242,11.9091228658926
"108",3.2547556188903,16.3137769029674
"109",3.51407248482713,10.5332653306301
"110",3.76151635659695,11.1063087028901
"111",2.73492437318041,15.712465384926
"112",2.58968876770814,15.7879774552334
"113",2.96418068742682,10.1285975032187
"114",3.60588434613881,11.280642799615
"115",2.5574456245231,10.7924506815983
"116",3.67442055661741,16.298071500934
"117",4.69221140300874,9.86009606073958
"118",2.59543767160831,12.5143236838261
"119",2.74370427981661,16.1511848552313
"120",2.43007094523,11.2964478778285
"121",2.66462334421586,10.2517847656935
"122",3.32865558238527,9.80586728564509
"123",3.66636675907399,12.6856282457644
"124",3.48104997143876,9.86995118560187
"125",2.52745846161743,16.7100432480117
"126",3.86115318236719,14.9835500610667
"127",3.72298104034853,12.035906539125
"128",4.13194449845476,11.4603746417559
"129",3.8565373381158,15.1956707911403
"130",3.49372257934519,12.2150932726126
"131",3.49363864240149,18.3656606820161
"132",2.88354307945128,10.6652754466994
"133",2.79839872018824,12.6084316394625
"134",5.35196284448323,14.13504022956
"135",3.38991610933682,10.0128843512116
"136",2.93801137702267,14.6635897207259
"137",3.08219727357953,18.6641878263193
"138",3.03231222197781,10.5695122031911
"139",2.73220617713105,12.7390757953714
"140",2.8224069234444,13.6524257847897
"141",2.6662475271666,11.5600469584362
"142",3.64725368742799,11.3394341616397
"143",3.80546301055359,19.4830513584783
"144",4.28529584853893,17.3189849184695
"145",3.84642628274876,11.1477325151704
"146",3.79554323038384,11.0410126865464
"147",2.76822816022746,15.7431858543093
"148",3.22612324884076,11.0520696949054
"149",3.31923386972449,13.2703265286371
"150",3.10615461207345,13.061810332482
"151",3.08753648853224,9.85422424587687
"152",2.65343598650979,12.2913119158586
"153",4.00174162016207,9.35774274262567
"154",4.6021240403159,9.09616340633929
"155",3.51657892015132,10.360695239627
"156",3.95467412185939,12.7153339712208
"157",2.34420842244752,14.2758271879718
"158",2.66982237291995,12.2715777964847
"159",2.25208971637239,11.2386505631837
"160",2.47326344411792,12.2860626026047
"161",2.54445409969211,12.4709282011348
"162",3.20249868736014,15.5856606569071
"163",2.93191602375509,9.24762634757712
"164",2.90315275994451,12.7351317635301
"165",2.44411263671257,18.154628394932
"166",2.87297082274574,13.5018865875858
"167",3.00538060567789,8.616266694083
"168",2.86950925743929,8.29147733289487
"169",2.95714663875033,13.3099510301177
"170",3.56684810376974,11.3178311067992
"171",2.33841482326772,13.6112943568137
"172",3.60172500427957,12.4816756613803
"173",2.68243409137718,10.0544966371898
"174",2.9485993846121,13.2746310037417
"175",3.35661782657593,11.3203434870684
"176",3.13057462213328,13.1595527761379
"177",3.18819546772924,12.1271100996803
"178",3.40511531287123,10.2577585473566
"179",2.99609380273934,10.9921046433991
"180",3.14210627517234,9.56776056109316
"181",2.92476563595001,11.475447648933
"182",2.73420623031311,12.5961350823368
"183",2.78852995050937,10.4418872128318
"184",3.91944501400196,13.191667232265
"185",3.47222237847891,11.3853177756092
"186",2.99024871850042,11.4821445086253
"187",3.18382239887726,13.5722818645177
"188",3.55363191012913,21.3234217825698
"189",2.55178798983478,16.8999303125558
"190",2.59388723024276,11.910358134401
"191",3.06040755107844,13.2668867909064
"192",3.55641229316406,16.9344884393246
"193",2.30469943679789,13.2644684846581
"194",3.52572941132598,14.0972930106146
"195",2.97852024871365,12.8934378580247
"196",3.18453442675636,16.4146179426573
"197",2.27488901218639,12.4370959131563
"198",3.09377212225095,14.9951635955203
"199",3.47333262746784,10.9348356380584
"200",2.93972651184695,11.2055455613529
"201",2.78269507089432,13.8198674502182
"202",2.9791650716918,8.87294744024469
"203",2.5133518711588,19.3432870292843
"204",2.67598580489741,11.452708820792
"205",3.3683575996446,12.8369795338723
"206",3.60559741004605,13.6289845295618
"207",3.66016783906652,19.2718071356689
"208",2.54004602984498,14.9357853285376
"209",4.0552167125094,13.2863499231915
"210",3.21705224138357,12.1950344671526
"211",2.861138005025,9.33869234268045
"212",3.28829330137337,8.83139866115839
"213",2.2434240233314,12.0110953907716
"214",2.90930478026406,8.3267389240351
"215",3.74939186614054,19.9104724420161
"216",3.27298994257401,12.2660880619836
"217",4.74420093763204,15.5166324942664
"218",3.04614264874579,13.2647184591955
"219",4.07555226699587,14.4791698409232
"220",2.35939769076788,11.4754977324785
"221",2.69850664696265,16.5846524527164
"222",3.11994700822243,13.9865526080143
"223",4.21388779129445,10.8798493570634
"224",4.01280947607587,11.9255844921487
"225",2.56932427962602,14.9963632427694
"226",2.41110623765818,14.4457698127902
"227",3.15080010940219,13.2002670642664
"228",3.54266889033649,10.7850009168842
"229",3.34109602333942,10.5729327449229
"230",3.05914761851943,9.07529768859415
"231",3.05391406687477,10.3625946683557
"232",2.62818857708944,10.136142859513
"233",2.61655991308894,12.5083584602876
"234",2.90484731186332,13.067801719182
"235",2.6429368878623,11.1386106235508
"236",2.11107085251424,16.0702982600507
"237",2.66121639715211,11.591789887112
"238",3.76379392106278,9.44919331776997
"239",3.16114345565959,12.5493063095706
"240",2.91665728320581,11.9023886047819
"241",3.20587208728194,10.9288234961334
"242",3.88588210594249,10.605355107979
"243",5.58273703350418,15.0052466509217
"244",3.2052325963852,11.8261849570982
"245",3.67677303686692,11.3158585669194
"246",2.6377560044338,15.9226061401325
"247",2.7374869388761,15.2255126700711
"248",2.52910992435381,11.7386260296619
"249",2.8398239134957,11.9359479480373
"250",3.15907232744367,11.9003304929609
"251",2.98049198935391,12.6667509355328
"252",3.3288109180545,10.6515700661928
"253",2.39069100307244,10.4655084994234
"254",2.78841403574495,8.85791650926941
"255",2.62814132309349,11.0366675713714
"256",3.22211612995184,14.2591638396371
"257",3.08547303353008,11.0866853212121
"258",3.92077588053243,24.757321095682
"259",2.60141123576292,12.5555948417485
"260",2.2986868559423,16.4394650282282
"261",2.98659148448869,13.8057215901854
"262",3.12779769727067,10.6893107876138
"263",3.81240050610245,8.46415878748117
"264",3.0151161471646,10.8726025933552
"265",3.17092789332382,19.8831098597461
"266",2.62022567491433,15.0313983329273
"267",2.9310337688942,13.5658445670259
"268",5.13480953955234,12.884094506914
"269",3.744385773534,11.7694522169406
"270",3.79347718675016,11.0012032323449
"271",2.24281935677658,12.8143326660287
"272",2.99363249876866,9.50596738295531
"273",2.6361955674303,17.7931036341898
"274",5.75295116728412,16.1842812013321
"275",3.13635388948427,14.0137489801858
"276",4.30099593216287,9.69878644789446
"277",3.32284427950128,11.7970306793446
"278",3.02485363595586,13.3865858683003
"279",2.27606196341905,12.2648838467012
"280",2.86923497747688,11.9618692824678
"281",2.74570007522125,11.5392789335364
"282",2.53854307292954,22.3232450176942
"283",3.94421087186287,11.0870013029815
"284",2.95599415536015,12.8400580530802
"285",3.6926095079215,12.4344695219848
"286",2.75524255674154,15.4444129337058
"287",2.59485077533598,17.0710133293735
"288",2.64980296257381,13.3528181131011
"289",3.16222349208781,14.0491070510354
"290",2.91732914996228,11.2552510011491
"291",3.07008687538983,9.77903430642377
"292",2.85311030833145,11.4383890830239
"293",3.19658497733429,14.1013800253498
"294",3.32275879865805,11.0781746718729
"295",3.51759507036086,16.7237254709396
"296",2.93321070578747,16.8293847421958
"297",2.4245310416907,21.255207307787
"298",2.55702761369467,13.0197081206905
"299",3.07612598342634,18.6164417992211
"300",3.57072276260184,9.07137145694145
"301",3.38637505145007,16.3815753944379
"302",3.32757361713737,10.1880055403359
"303",2.43890287567119,13.8699052350926
"304",3.74849802961935,14.1425112799909
"305",2.86923790594778,9.00727047191361
"306",2.79429865731923,8.57646774894311
"307",2.55314436542643,9.50854111460593
"308",4.46375119764871,11.8100640957346
"309",2.726113042032,10.5093589151266
"310",3.15245905676256,13.7017404785885
"311",3.01215209715556,14.8693027747055
"312",2.50870602634307,11.5587328212263
"313",2.07283321877694,16.4374228907192
"314",3.16158640829837,11.2894601098091
"315",2.31105892092746,15.2952045938364
"316",2.66426555122141,10.0811488851252
"317",2.45521659976201,10.4922868987173
"318",2.22039033837166,32.8535083824359
"319",2.88738746701165,10.2721474085662
"320",3.96794967662668,10.1330066089639
"321",3.17581016714757,14.8124273687463
"322",2.97801408927173,10.3946231907604
"323",2.5062504693833,13.7294825178418
"324",3.25972590382353,13.8940628842386
"325",3.82154732200706,11.6930985446328
"326",6.02344677065964,10.0462071222339
"327",2.90825323869568,11.5950459117016
"328",4.99265493171401,15.296251642823
"329",3.92216988587385,14.9210947696963
"330",3.84618980758857,8.72806734609784
"331",4.14061334520811,14.60317916552
"332",2.35022789899049,13.4826001646439
"333",3.69947678032761,13.8274616320393
"334",2.54396149860386,12.414005114118
"335",3.178707694489,10.540490954063
"336",3.75024207652545,10.0859354717101
"337",2.66564659992817,20.6025241807563
"338",2.8275432693712,12.7468690076567
"339",2.90258298180584,13.0197014768582
"340",2.38033412071214,13.3431239296832
"341",2.95685357321763,9.78498240767543
"342",2.52845004133414,14.5343837048462
"343",2.92681765958114,15.6631702162405
"344",4.55868634410375,11.0798586413231
"345",3.84380802104709,12.0850618934066
"346",3.38508146569304,10.5368449565282
"347",2.2649941855343,17.5671003676135
"348",3.63292061170082,14.7831582123615
"349",2.53287313209839,13.6743529634214
"350",4.31733622820219,15.2391946855465
"351",3.16084312376901,11.6537206963021
"352",2.33502472625833,14.4925909431962
"353",5.14276046622034,13.4581524362046
"354",2.90358009388414,12.6005002668571
"355",2.81240658882133,12.0234106879361
"356",3.00242017831288,16.6359200720515
"357",2.32098478614325,10.4316615181382
"358",2.63893158393071,12.8528098146826
"359",2.92350225973161,16.9532105897366
"360",2.21531754323706,16.1719982055157
"361",5.12712718783613,13.7009018390449
"362",3.17825514907158,9.79431877190205
"363",3.18367841640399,8.85979132083627
"364",3.02387218486676,13.4522911746204
"365",2.4039640991934,14.8382786983272
"366",2.89402462148268,18.471801453191
"367",2.46330396115471,14.2322261883441
"368",3.057981726334,11.5354562750126
"369",3.17771987793703,9.72217167412392
"370",5.36760115617703,12.5281667189743
"371",2.42877295007929,14.7015043629228
"372",2.8235327450184,9.80034612604844
"373",3.53559848890986,11.1406251271195
"374",2.83674710348012,19.3520534668915
"375",3.24037637003996,10.0533654751619
"376",3.22557511033062,11.0400367713473
"377",2.27420790620247,10.0047679731391
"378",3.66745759248669,14.2335544899796
"379",2.96662673638764,8.95943608295787
"380",2.71670902735991,11.7860585337871
"381",3.34745976342034,11.8440554508151
"382",4.04845843959229,11.6361237393421
"383",3.46899436139149,15.6936409612669
"384",3.38539458444022,12.7471614238888
"385",2.88112242639656,11.9737045341897
"386",3.94853370267359,13.2325636267604
"387",4.33772998364402,10.8416925957253
"388",3.19403322969881,17.6426695844126
"389",2.44515262038813,11.9419705375733
"390",2.93219756712238,16.5025089443412
"391",2.94296400336543,8.61459462784297
"392",2.05983586996717,13.8972485160594
"393",3.24139396173866,15.629253009246
"394",2.87729035819275,16.2221281560154
"395",3.17433075971203,19.380574815986
"396",2.51050347560777,11.8960910550861
"397",2.43307021303936,9.87012774773091
"398",3.13815969535215,10.7920943392079
"399",3.33940239253086,15.8777227294054
"400",4.10496985865539,11.559736790775
"401",2.74474099814906,15.6688962791743
"402",2.59452749369259,20.402485521891
"403",3.25078048775518,9.29068264086443
"404",3.53242895323569,11.6129238035161
"405",2.6254476645172,11.1155137203523
"406",2.7217844575383,11.8785439092239
"407",2.11378461851753,13.1850311404731
"408",2.65897563566396,11.0302194197997
"409",3.24083560436576,11.5363545676523
"410",2.62980347521041,10.0690931503397
"411",2.89357284895104,13.0577467437398
"412",2.90047046270201,13.1809779510844
"413",3.11246988020843,11.9097569365252
"414",3.46097306216017,15.7237084333944
"415",3.70181587325642,14.2000806309635
"416",2.43728120767225,17.9531341760683
"417",2.39409151353433,12.5254252873268
"418",2.58383430761983,15.8446989128181
"419",3.07032053412812,15.1938352326358
"420",4.52122508521215,11.2083031556384
"421",2.90056361792163,10.8402672554132
"422",3.82964446675206,9.43909199691251
"423",3.02228871968027,15.1172341285978
"424",2.5470118018417,14.4486606387077
"425",2.86563390737445,12.6858574133458
"426",2.62739472602975,22.9928017733047
"427",4.1657128083476,14.3515901831271
"428",2.86847215450368,11.4709001639371
"429",3.44679006578572,13.5540912294532
"430",2.68189205953386,11.7541312882887
"431",3.97972135287525,12.5911373413782
"432",2.92905813755346,13.7243158908671
"433",4.25745086001332,15.1241467529677
"434",2.58006700960954,9.64080193398807
"435",3.02521050154522,11.9957042694302
"436",2.91690344903595,11.055169598044
"437",2.53439139963371,19.849843523472
"438",3.09816417284584,13.2347451776316
"439",2.69340546209917,13.7734581390831
"440",2.96752026778995,14.9001599335634
"441",2.6300244214025,12.9416233095777
"442",3.12814559940071,9.94326291428074
"443",3.18041892738984,15.3922354660146
"444",2.38876506128601,12.5195856458636
"445",3.81624761201017,11.3217450375166
"446",3.28453212145158,9.60578136699879
"447",3.06681793650667,15.9086033555857
"448",2.61812929047101,14.3456100497216
"449",2.55106332458235,12.8311048126417
"450",3.12112584802508,12.7421721257911
"451",2.62095452952909,12.3585861064072
"452",4.55550400658116,10.9908495617871
"453",3.09566785663738,15.2931738821353
"454",3.41361686131338,12.6170161476369
"455",2.96424356077141,12.7733418522434
"456",3.18947794437362,10.6269402529459
"457",3.94363152138098,13.0865316081515
"458",2.63624754134154,12.0960058797213
"459",2.90350158652137,9.30234716276289
"460",3.84790144526487,18.4104414709463
"461",2.7236475050664,11.8354701937151
"462",4.26113893434981,9.81150951107673
"463",2.60980121275177,18.7110650469517
"464",2.83144320733516,13.2526463756804
"465",2.55601354098675,16.3036578533211
"466",2.55226812902838,15.703483295481
"467",2.67691640757985,11.5215011568151
"468",3.57810926095199,12.5640901541335
"469",3.7686632270805,14.532119855454
"470",3.3320655472253,14.5522900164574
"471",2.23925647622582,10.2692469919514
"472",3.5681289179015,10.5573642008627
"473",3.21762769484522,15.562035294436
"474",2.51292639354723,11.0379140134177
"475",2.88889862716432,13.9426611611985
"476",3.37909885300219,13.2024047983691
"477",3.13207718483969,9.14487630077983
"478",2.56004512071941,15.4426780992931
"479",4.21984264822467,13.8980120628878
"480",3.44466948448272,14.6778120489587
"481",2.90622656837476,12.0229757959275
"482",3.27705774865731,11.9744549068865
"483",3.26874159179552,9.36510515045251
"484",2.63814851912998,15.7577341976459
"485",2.92929037594815,10.241894972142
"486",3.57498508101366,10.1611553367212
"487",2.92513737338256,15.1577268870362
"488",3.39912098079492,15.5209767467333
"489",2.61721796344113,11.1578224544145
"490",2.90066790418623,13.2635257848762
"491",2.30798424117048,15.8656420035134
"492",3.18560430965278,8.86681884572778
"493",3.05288385830759,13.1664269277827
"494",2.71942554909538,16.4504625704171
"495",2.68507385273549,13.3222136337005
"496",3.26921712226173,10.5001661930306
"497",3.86058971782139,12.6065372733157
"498",2.79865340521928,16.6730383756806
"499",4.67205917898976,13.641455661268
"500",3.16794632598983,11.173451525017
"501",3.9146542521007,11.4499880281262
"502",4.48539081368837,16.3389229055548
"503",4.2745670989873,13.4244747051436
"504",2.16634416573046,15.8885989794382
"505",3.19829769045364,10.1326042967451
"506",2.61915397344248,13.1187748369222
"507",2.87628005493488,13.2908811865478
"508",3.24747617585439,10.177058789457
"509",5.12348499269253,15.0284252942144
"510",3.46439665722548,11.1528142011679
"511",3.41237365568247,12.9507653984216
"512",4.57648405127511,10.4947556550438
"513",2.78653984047787,10.7490812125562
"514",2.72492224950984,13.2779895776287
"515",2.35723650939763,14.1387969141865
"516",2.49907595542827,11.3751991055222
"517",3.42999246852633,13.1831482494909
"518",2.80788669297271,12.9767974624106
"519",1.65703355560321,19.0809497650184
"520",3.84429241276812,18.0600623939884
"521",3.19518299012771,10.1237977568014
"522",3.28832968070112,14.1109428618343
"523",2.70467837056422,15.2144934819757
"524",2.8028058462176,13.7579857490919
"525",3.25172943411008,9.56429131880524
"526",3.08596686826132,18.0622103288874
"527",4.15067475311451,16.1875071566239
"528",3.07568387503736,9.31380842902457
"529",2.99959903550897,10.81815342435
"530",3.20505155634818,9.13594092284403
"531",4.71982013727026,14.2550345744453
"532",2.9454034697802,12.3602520971252
"533",3.60227585100934,13.0818967443453
"534",2.43337560408043,18.2590494806335
"535",3.3531013528547,11.2218920212413
"536",2.84613467692257,11.4141363214498
"537",3.31582319348524,11.8998097561066
"538",4.75009996009292,13.6003444518373
"539",3.37730551182759,13.0137520130615
"540",2.61290131256266,10.0234340242957
"541",3.67154475086876,11.2215554802928
"542",3.57702835153232,11.3403087785516
"543",4.57922765695419,12.9350582965009
"544",4.85362335341263,11.8425755261399
"545",2.7371438845963,13.4022752739643
"546",3.25541731687799,11.8042254532392
"547",2.82563846706698,17.9507776415522
"548",3.46699360613569,11.6934617034469
"549",4.31917996815291,9.76130334148274
"550",4.60666322247958,20.5250488395225
"551",3.4827768340474,19.9164378856124
"552",4.10356100265555,10.4815060551862
"553",3.1348155040876,13.4667211821335
"554",4.63261263922646,12.9763570736572
"555",2.72714302607245,14.0728247738752
"556",2.98213288939515,9.24137027120734
"557",2.85714872951913,11.1375914205809
"558",4.25695130961152,14.6354030662308
"559",2.86743377662676,14.8580010436724
"560",2.70785053649779,15.0479838984044
"561",3.98903753415624,11.5798718582849
"562",3.24987533099493,15.9934095148609
"563",3.04205036468017,11.7662163608991
"564",2.3173799714209,13.1712753605448
"565",3.73946808905334,13.327198840637
"566",3.29736252013067,13.9731419121382
"567",2.61707728640713,12.5002922285989
"568",3.90363701366368,11.5160104472426
"569",3.26206966420305,10.6754227272332
"570",3.120938879106,9.71091708350576
"571",3.06357038878223,11.970304037442
"572",2.50682817859488,13.3891986726116
"573",4.71618557706995,19.1590883121237
"574",3.59749871903117,16.6229029113198
"575",2.73735432184882,15.0501961905826
"576",3.08245870931187,13.6442995223048
"577",3.0465960934599,13.0947156234351
"578",3.47737663871027,13.3561647475081
"579",2.58098788703092,12.1314111929584
"580",2.88265971540713,11.6272317535886
"581",4.16276797678605,9.41923627061631
"582",3.17203896023033,11.4025876869843
"583",3.69877486770139,9.55335805679776
"584",3.04385022619264,12.926685674903
"585",3.20191432563308,13.6091239098817
"586",2.95686598778285,13.9928697030333
"587",3.21702407582584,14.2292954673799
"588",3.55611907874391,14.21129498611
"589",3.12329191349114,16.6497669301107
"590",3.95228440497527,10.3459886049393
"591",2.88134210717526,11.5340685683487
"592",4.15894767747724,12.9898747401592
"593",3.32620264568798,11.1069737439846
"594",2.89678621989151,12.3375717445972
"595",3.23238125179188,9.73362013691491
"596",2.68210573524118,10.8023982477589
"597",2.42982947831194,11.3132248547741
"598",3.42639183837388,8.42687342075684
"599",3.62974086063914,12.8598024515715
"600",2.49628676562143,18.0077702015492
"601",3.21885783069782,12.6230329448668
"602",3.72279744275147,13.283412364769
"603",2.49102466112678,11.6808341841022
"604",3.2707332137179,13.5447968721548
"605",3.90862965723637,16.1663224027607
"606",5.69469187985209,13.3343213132308
"607",3.41168949228886,20.4795473755879
"608",2.5550523731461,13.4009071770725
"609",2.85939564228515,8.54079024371343
"610",3.47293192239922,11.6678168898596
"611",3.09598804120627,11.4995132279171
"612",4.10115498451293,17.8619141857655
"613",2.62515004451039,10.0450025991315
"614",3.28322861460705,12.5142228425619
"615",3.95964046554727,11.9284235601693
"616",2.11041456399048,13.5187935571018
"617",3.3759350319908,14.8650184810548
"618",2.59768147009963,11.8915921050863
"619",2.82182478905394,13.0192685351001
"620",3.31996978272904,11.0304120483142
"621",3.25058138975177,8.97168834955007
"622",2.47224086168475,11.7178327268506
"623",2.57885232961447,9.77978557001941
"624",4.02756030925556,12.1946266363666
"625",2.9169311089694,11.336078521151
"626",2.81622207312048,11.6184230399189
"627",3.03929507638249,10.8972669353021
"628",3.57731438799393,12.9060929103675
"629",2.86905853216674,11.2086737109893
"630",3.14106180492004,13.2989288510276
"631",3.73129232818194,12.4995690221463
"632",2.86990289531996,10.7517579574366
"633",3.10584373100662,14.378278151419
"634",2.98769059095309,10.2808229529451
"635",4.72911211611028,12.2330753353897
"636",3.90519464791083,12.1452491891565
"637",4.28347140524198,10.0161251797254
"638",2.36475905471843,16.0462311167634
"639",2.96886479830718,16.7817837465452
"640",3.06690909390968,12.2965756419971
"641",2.49314404183952,14.2292966868413
"642",3.14968924836951,12.3953923526629
"643",2.65640867408521,13.2155121301958
"644",2.48770070250476,12.6824706081251
"645",3.28192054688126,15.2508657892693
"646",2.71108006928057,12.2713039923648
"647",3.98813172440161,12.0329164930706
"648",2.22438378824741,10.6299551239292
"649",3.08559409336892,13.5450478273677
"650",2.97795564335644,9.93543804316962
"651",4.04773232813432,11.0428678236488
"652",3.08990141481616,12.0143355429014
"653",2.90006044915949,10.004897217613
"654",3.12899677623571,11.3878185387442
"655",3.41615843096363,12.3246934437757
"656",3.07751389479332,11.4070362738254
"657",3.29061670211255,12.546220074499
"658",2.04843537244707,14.9550967885585
"659",3.40845122498024,15.0049985845373
"660",3.88588606347748,9.66774654325094
"661",3.55524960819312,12.7232523361987
"662",3.28353412801995,11.9140876006562
"663",2.61571318224246,10.5332502549766
"664",2.60260218412703,15.2014051304289
"665",2.45564443972829,14.9018836263399
"666",3.69253889055574,10.8241070370615
"667",2.66231903404678,13.9186448040064
"668",2.82948435968303,10.048026694409
"669",2.87957396290415,13.8909357830366
"670",3.2123671559337,14.966256534243
"671",2.8799824652835,13.4083062223555
"672",2.7221541527364,11.111660415761
"673",2.33805416347254,11.4488748317091
"674",3.14656490588532,19.9878074659021
"675",3.17160776533879,9.65672494017526
"676",3.60029338052141,11.019617901684
"677",2.3239979857935,10.1938272121851
"678",3.08064467435517,13.8559719706995
"679",2.89662447074136,11.732261481999
"680",3.37271435496963,10.6836449962704
"681",3.67989323591315,16.5020647684
"682",2.7618642861036,12.4288843060505
"683",3.41320724262385,13.3680827694982
"684",3.07671889664903,12.6754266784372
"685",3.04516516210651,13.2004971728498
"686",3.5183751547568,14.2358747752099
"687",3.07328004026597,13.3333733325944
"688",3.47329167504286,14.5367574355982
"689",4.52718778326591,9.80755688979776
"690",2.85617846442885,13.0400401189121
"691",2.5078573414261,13.4163500765847
"692",3.07088932888582,18.0999781766846
"693",2.58273073885539,14.8168486724083
"694",3.65849948964824,12.0968612689565
"695",3.3941178612682,11.2931730795604
"696",3.42749376726336,11.1331720398973
"697",2.97167818752837,15.2231535095765
"698",2.53204007518307,10.2875082730909
"699",3.15366978599646,16.8732173196418
"700",3.36200651979311,11.0667604074914
"701",2.87191259837797,12.6879817347589
"702",1.90984114003916,12.6574180185445
"703",2.9016020671261,11.1204789002982
"704",2.84728745364506,8.82558970130075
"705",2.88849084531449,9.29894293065353
"706",2.52130047725183,10.3524548693823
"707",2.98374385877848,12.8088728094605
"708",3.31050374391571,13.0475624383037
"709",2.64163876638208,15.639389098448
"710",3.23842961846951,11.2610333115408
"711",2.62554102911562,11.3042041658735
"712",2.47409522636437,16.2334957301113
"713",3.19321153213052,12.3415290917066
"714",2.7232232507805,13.3144343545518
"715",3.06329851143619,12.1120629573285
"716",3.08889299869914,11.4467403433639
"717",3.1853373368457,13.3678707181603
"718",3.17047629930282,11.0520605063237
"719",3.15087022688873,11.8361265807159
"720",3.00212073890143,11.8896084062914
"721",3.26522750347487,13.2246174481653
"722",3.28533887262142,9.47275848529025
"723",4.37184042510463,11.7325468378518
"724",3.56656949605337,11.369187407626
"725",3.70451774905492,13.2974533146961
"726",3.3056487307594,15.6925468257461
"727",3.52697183887558,15.3017727758289
"728",2.3391794304502,12.669165225743
"729",2.59358225665867,10.2697691524067
"730",2.98320681079881,11.1310702446038
"731",2.82936490825394,11.8922814472173
"732",3.49765847041672,11.8575713448715
"733",2.89881013705307,17.3200069207072
"734",2.70287714531105,11.0560338366977
"735",3.03418191281051,12.3693139281769
"736",2.94632576276786,10.9873938313146
"737",2.49781113636067,10.0499778104311
"738",3.04678846506251,14.6832709749944
"739",2.39887844878959,13.1755722628249
"740",2.64642596253582,14.5499869312816
"741",2.55767502281815,15.9600176485827
"742",3.69063359835933,11.5562279385721
"743",3.87945143686933,10.8870976186339
"744",2.37946648882765,17.8087324119534
"745",3.33441727894904,10.6596590121732
"746",2.49200743200442,12.4692475868375
"747",2.67779421494972,11.7751609157068
"748",4.06668246595188,11.8252070940889
"749",2.67355219672359,15.3599979323741
"750",2.6399438629272,12.6342483922966
"751",3.71718829870234,13.8742325677688
"752",3.07227430326129,13.793641584879
"753",2.64203711810114,12.4784883791877
"754",3.1297435105671,10.5959320965635
"755",2.8902078548467,17.6092927184251
"756",3.09279662899518,12.6076999755827
"757",3.12533341845979,10.9909751511555
"758",2.64615061090826,13.1498352722625
"759",2.91789696107669,17.6004740742738
"760",2.65749519129833,11.5417554351588
"761",3.4289718033264,10.94754002393
"762",4.28909026769565,8.54217782700331
"763",2.94898679417985,8.54486709846701
"764",4.31131304396126,11.9120443671095
"765",2.93467869035566,15.2862977208953
"766",3.49173569739652,11.0164164824069
"767",3.32577805502613,10.5442925317226
"768",4.72897825582552,12.0227377065899
"769",2.42054603187808,10.6077771730006
"770",2.53468434477895,12.3279054132437
"771",3.62434739582732,13.7328696067771
"772",2.83562459646246,12.1932658095837
"773",2.71994645989398,11.4406868661748
"774",3.01184698005736,9.77182748713947
"775",3.54286068657165,12.6220857773086
"776",3.64478011297578,11.1329252779917
"777",2.04733020587615,12.1270375317034
"778",3.29676483894524,10.9064507001349
"779",2.36775516729838,12.8790315423399
"780",3.41228147848778,18.4063910346602
"781",5.24673730765112,12.0145493429888
"782",3.66328418671514,9.32714106062913
"783",3.91735073241871,14.1728715330529
"784",3.47155201275972,15.4329133730824
"785",3.21244096047713,12.9553233044634
"786",2.35111187858274,20.3654422365616
"787",3.24631799427107,10.4577064200476
"788",3.89603688095162,11.2930333797833
"789",3.47836062524711,10.2469574863469
"790",2.88077749634285,13.2825397564339
"791",2.61463533891483,12.9376968311746
"792",4.06155837245605,10.7537192275247
"793",2.48746711943468,11.9941388856833
"794",3.19497560384352,12.6982031786239
"795",2.3227679229554,13.7570681701482
"796",2.99523307939737,9.80468283234197
"797",2.96787682912491,10.4839698070466
"798",3.14775702979068,10.6130995359824
"799",3.19769578726723,7.6167323644275
"800",2.5929393545813,10.4024170607887
"801",2.71484663216397,20.0293838206953
"802",3.02971225672666,10.8266520910602
"803",3.56143073212925,10.4550050915002
"804",3.10013980245995,11.6358983893338
"805",2.85040998112966,15.106274222799
"806",3.05414728252627,15.6447694202125
"807",3.20347861805025,11.7541355586047
"808",3.59320869398705,12.2726449627586
"809",3.30140079739363,16.230453645058
"810",3.45732232601988,9.10730137397869
"811",2.91073536479103,15.1387745491214
"812",2.74103865745555,15.8661404034704
"813",2.88940494232811,21.4993700834128
"814",2.68502262033262,12.4062870082134
"815",2.13891200118399,15.2242402413331
"816",4.2152219126721,13.6675451954444
"817",2.72082068869582,14.7105550222575
"818",3.55412556458898,10.9683817123449
"819",2.46940972007981,12.0797733221096
"820",3.07507120545879,12.4943033762997
"821",3.10381507481989,9.33812469753535
"822",4.15461535302352,9.61719547836858
"823",3.15724529931472,21.2665230001571
"824",2.80376961355014,15.9285695475768
"825",3.20481524879406,11.6374329120493
"826",2.65778594084004,11.1221190387718
"827",2.64613339603693,11.0186333165016
"828",6.34169029693693,11.174684221829
"829",2.80414897409846,18.4662957464242
"830",4.04623982232018,12.521337576049
"831",3.44054415918654,18.3746582237823
"832",3.18516871854423,13.5548355995232
"833",3.13216190523029,15.3877554511992
"834",4.3220111855806,16.507063442529
"835",3.33879711087408,11.3444199543742
"836",3.15903430077443,9.63442318978805
"837",2.80285807366765,8.89360100576482
"838",2.61343030591358,10.1941382532752
"839",3.56929812088315,13.2421777454814
"840",2.36546831377424,12.1043468175977
"841",4.19557469071248,10.7485928397388
"842",5.0087776249254,18.9176215469632
"843",2.85536898666819,12.8690250734596
"844",3.53264683252182,10.857043671452
"845",3.24153487875697,12.7272158062804
"846",2.90093069709838,14.7329387490712
"847",3.45705653151789,11.4728024201004
"848",2.52223140444439,14.1230863540214
"849",3.18041623681119,15.6680124706446
"850",2.67658759712619,15.7629064238701
"851",2.61378386187636,12.5061931593384
"852",2.43606985065093,11.6285302964503
"853",2.93180840296224,13.7498962174813
"854",3.68222851777082,10.1623959821484
"855",2.73993612311374,10.5501346097012
"856",4.24703843653878,14.1766562856603
"857",4.07951175103139,18.4410558840553
"858",2.46375277918464,11.4826780338087
"859",3.44588318955678,10.9677310098546
"860",2.4767033255128,13.456084837771
"861",2.33799826534518,16.1869495603725
"862",3.39817019355942,12.7376641940459
"863",2.53608221900558,11.6811405750282
"864",3.08489302859075,11.7555249662537
"865",3.16240075730966,20.5321571772815
"866",2.88310447276753,15.1808953462407
"867",3.05245649744255,12.0849106685028
"868",3.46369037979627,10.7876502877283
"869",2.92333542506168,14.1619216873413
"870",2.67376424309097,13.2797579231278
"871",3.31729661446906,13.3210714129183
"872",3.15907507600282,9.7571123178743
"873",3.01737797295209,14.5823723799209
"874",3.19198588229447,12.7473788210459
"875",2.71038645191002,12.2955646057264
"876",2.15632522525784,17.5046130222053
"877",2.84674821804363,14.1049624790168
"878",3.00954524418881,11.9215947509459
"879",2.92388440760029,10.6116356686377
"880",2.96717274498122,8.97222466855493
"881",3.47284058317943,15.1172373081401
"882",2.58182893509097,13.6400452053785
"883",2.36905259847099,12.2459455213686
"884",2.9599207246056,10.5636449748831
"885",2.46407336512218,12.2418542202854
"886",3.19831605821393,10.1139848273386
"887",3.3454494604804,12.6363649658013
"888",2.90849393802046,13.1329798168717
"889",2.73847426475158,12.4544044482718
"890",2.39097018703971,15.8143511842409
"891",2.75466887141248,11.5298306600025
"892",3.07277628482181,10.7444768392658
"893",3.08093560626585,15.4454664737998
"894",2.5815186743128,15.6515550456066
"895",2.71241595649844,12.864577088902
"896",3.87120738136467,10.4639161719171
"897",2.49934979763359,14.7790178968216
"898",2.84340162437884,15.4253550486212
"899",3.82071934159553,11.3341120858273
"900",2.96909533437277,13.2908429138589
"901",2.76995941897167,16.8396086254848
"902",2.4825838068312,11.149428161655
"903",2.95972104949969,9.75702036461584
"904",2.67555307911105,13.6106633912523
"905",3.19573887246095,11.9938830114878
"906",3.81361871092492,9.98925123483543
"907",3.1299397855809,18.0465584803369
"908",4.09386580909069,12.0340688356625
"909",2.57498723916037,13.9307755488577
"910",4.73844403478835,12.5675786333899
"911",2.14227921713333,10.4905553614236
"912",2.74455160923524,14.0666189273414
"913",3.07046205265855,10.267657917969
"914",3.30651156166895,10.6417474191091
"915",4.47236619705686,15.6915741892241
"916",2.75165360342889,9.13541156105591
"917",2.56739167176826,15.306004699141
"918",3.15204896320725,23.9160399651084
"919",3.64731908150703,12.6104525894283
"920",4.24451982523832,11.5247745580505
"921",2.79513826984777,13.4984408387895
"922",3.19651612415696,12.5637678360123
"923",3.03248476099484,12.3320387399448
"924",3.74907645651086,9.10337530871831
"925",2.43777239818996,13.027573013857
"926",2.79452903428419,10.2177735837307
"927",2.5235562499901,17.2641305045074
"928",3.34758571691347,12.017089239621
"929",5.02339879626284,11.4920077242273
"930",3.58090553207331,11.2113330564443
"931",2.91812694550415,15.1106071453098
"932",2.86769149987481,13.3869204255636
"933",3.30532262411281,14.3580315364053
"934",3.48451843473996,15.7397444793514
"935",2.37765085211619,12.6064893723342
"936",3.334443572621,11.4146536245345
"937",2.92679946885869,9.22185943158354
"938",3.7002458853991,10.0274776456053
"939",2.59481517546721,16.0227703511129
"940",2.82854859483915,11.4289381398074
"941",3.14648531648841,12.0452492459919
"942",3.43048421921994,13.3115326299975
"943",2.84516630736533,14.1784427193858
"944",3.72736569320601,10.2675402080824
"945",2.73756866886887,15.7144477874259
"946",3.50474732349164,21.6111369927599
"947",3.43609633256922,10.1787440500022
"948",2.94632460475309,8.90170192469326
"949",2.97425760505046,13.0267490881558
"950",4.08440653860593,17.4350013211531
"951",2.67915595866507,13.385350616945
"952",2.11039730036221,15.0788462552919
"953",2.73842136045517,14.7590983892558
"954",3.75971687019335,18.2554242248532
"955",2.92376177841412,14.7514632348922
"956",2.73552137249571,12.8292422532097
"957",2.64136945912433,14.3884610537345
"958",3.06840946629551,14.0053083572606
"959",2.44240095997229,15.3047132702006
"960",4.74536511394694,10.4329908789483
"961",3.60856782411996,11.3103912230192
"962",3.34318524611777,9.59380395103234
"963",2.40987054190689,11.4551663074893
"964",5.34185109958655,14.1121003036042
"965",3.74939476934839,8.73596567623986
"966",2.88973560735972,10.9106877678975
"967",4.26303952888958,10.6583338847474
"968",3.75943053209206,9.43827506837053
"969",4.87721652242969,10.7467846365898
"970",2.81877928308386,11.451125559557
"971",3.02730264106983,12.6243658551745
"972",2.51036837119882,14.8416926757372
"973",4.08651869637587,9.86742173921904
"974",3.87784703415238,10.6833134026321
"975",3.32726945165116,14.8417500404205
"976",3.45523702225968,10.2792665745859
"977",3.30311187287984,16.2196115261402
"978",4.38848130013589,16.0229004818861
"979",2.45532626458067,14.8387713794007
"980",2.26823407350603,11.0209132872008
"981",4.70002880066135,12.960580524222
"982",3.13400345706442,12.9020671644185
"983",2.13726579157452,9.80990422595357
"984",2.5884260596662,11.8068878077048
"985",2.67528912054619,15.9533262577055
"986",3.68061272773908,12.3479016506419
"987",3.37364495213208,10.2147978493767
"988",2.45799791737546,15.4500243106797
"989",2.5124562084981,20.8817290328741
"990",3.25718081290602,23.0685419707903
"991",2.71916462699552,13.8357444627381
"992",2.39622312165539,15.4884485520154
"993",2.5892963502527,15.0208668281495
"994",3.1256187440074,13.1111552701363
"995",6.09711208454153,13.9076620991003
"996",3.87605616053625,11.7125753914686
"997",3.54808066234235,11.351254797615
"998",2.78863941167636,12.6643320176321
"999",4.39474220062996,13.4864133423721
"1000",2.27661829487952,11.1022465020667
