"","sigmasq","phi"
"1",1.27160545739135,10.2094641569142
"2",1.57885586540949,13.8013499315525
"3",1.29679417757148,11.5375071287523
"4",1.49326590710481,12.9611629073653
"5",1.26096721734353,8.49247667241026
"6",1.50452556757449,8.90818558085707
"7",1.24523925706851,11.7211875745953
"8",1.24018166816206,13.7658404260522
"9",1.29212872496626,9.74951751053092
"10",1.46097436342686,10.8018675983393
"11",1.5943721064136,13.6075873304093
"12",1.51926658948083,12.8657525882284
"13",1.32380176890403,10.4200659437449
"14",1.13744562300521,9.05600801732639
"15",1.04044115970427,11.2487799975201
"16",1.18078337136249,12.2230809639174
"17",1.43382890210208,10.9993338289202
"18",1.15876157363677,10.6972762434336
"19",1.05659399335488,9.22159582468871
"20",1.5942105864281,12.1983460116762
"21",1.60293431711646,18.2093606046255
"22",1.11082949758822,13.7729629682753
"23",1.25798852659236,10.206888599252
"24",1.06189135516768,9.23390549008049
"25",1.24477204168,11.100964288769
"26",1.60348931085158,12.4042478941397
"27",1.24073097921436,8.83164555576313
"28",1.49042237736705,11.7355140116446
"29",1.12349408214548,9.94314443390622
"30",1.43263872011743,11.0209659627338
"31",1.43065322815716,12.0106277744964
"32",1.22821781933999,13.646554155868
"33",1.29435975602826,8.4553694536794
"34",1.55823291611578,11.0906939109271
"35",1.38398968380981,11.502610571358
"36",1.14309711044547,9.23652371145593
"37",1.13899359287315,10.9099282188885
"38",1.34868410652754,11.8217509756949
"39",1.33607808559687,11.8599992493722
"40",1.86156945264257,11.4454676580174
"41",1.63178684782889,16.8719777177269
"42",1.23829290270451,10.8994489484484
"43",1.29969796545253,12.6473833895401
"44",1.33736670860441,11.2011968004245
"45",1.46295035640199,12.8391725438743
"46",1.14306219967226,9.25684687298989
"47",1.43298859323115,9.19669013206348
"48",0.980708552290043,10.3360241587226
"49",1.34606942926631,11.8089449818098
"50",1.24178430873335,9.24694111966611
"51",1.55102166651358,12.5931028536129
"52",1.33530777472958,11.4864458603261
"53",0.955003037133509,8.46852775485397
"54",1.0065973716645,10.2757914015175
"55",1.40317122572411,13.5609957999675
"56",1.31826268182035,9.90523304763145
"57",1.07726667058985,10.7878108846793
"58",1.28254303862687,10.1602133684226
"59",1.39401473428405,12.0104805816389
"60",1.41462088278027,9.91661108921429
"61",1.50318028738578,12.6200730990605
"62",1.47862303993704,10.9820553703996
"63",1.51060317028652,12.8057453378048
"64",0.968824936584625,11.1338863687783
"65",1.58632816996946,12.5721278483748
"66",1.61652883281156,12.130123888574
"67",1.40059160106248,11.3614393152147
"68",1.49202352517536,12.9858313430387
"69",1.08107369257078,7.84633379262645
"70",1.45473480837659,12.9323279798086
"71",1.06400138458982,9.64677347323736
"72",1.1447030180659,13.2386485334936
"73",1.27325729380201,10.1830279088103
"74",1.3861054648906,10.4565366272362
"75",1.31561434772144,10.2793645901412
"76",1.12257439091188,14.1418301893712
"77",1.21917283467581,9.25021789810486
"78",1.48994024914897,12.1440990296375
"79",1.41478934897369,11.0406120446864
"80",0.902803903250634,9.30772410451719
"81",1.0421462201421,15.3275009219078
"82",1.73804967952447,12.3970573274371
"83",1.20555731673399,9.67927765224582
"84",1.54986675271948,10.7705263007728
"85",1.14862071142743,9.16051284931462
"86",1.48127954917025,12.009408816482
"87",1.48285132145397,10.1549922630573
"88",1.32752080088278,15.1037043224091
"89",1.51481168001322,11.8600213473323
"90",1.09568152140239,9.37007851957234
"91",1.10606318835182,9.84594508982222
"92",1.229309547435,10.7438622553091
"93",1.18802545819341,12.3895472631696
"94",1.09954555273476,10.2562522808116
"95",1.23907293088569,10.5176059517002
"96",0.987221971225895,10.7152311138609
"97",1.58081592585717,12.5587436817581
"98",1.13365387256603,9.23216623321345
"99",0.98797231217778,8.62135354453521
"100",1.49486687941011,11.5944042270427
"101",1.62192879642354,15.2277000599703
"102",1.26402343223592,10.7978781115361
"103",1.0646249333653,12.7417195328007
"104",1.31613329135695,10.1360151326794
"105",1.51389359734893,10.0134012881919
"106",1.1135861463304,10.4470605446339
"107",1.65654592293942,11.8600808480011
"108",1.04355767056537,9.42189657770179
"109",1.21102184874372,12.9575504058775
"110",1.21808826753593,11.5331299749708
"111",0.832131886741354,9.65350579193306
"112",1.32481738100313,11.9513121964353
"113",1.30078237137385,10.9923319193261
"114",1.44673391301222,13.7417760419439
"115",1.68347299213925,12.9636567456107
"116",1.52376643987792,11.2531569352383
"117",1.55597430711343,11.1421672653182
"118",1.30102678547713,12.2640483640501
"119",1.25164055910702,11.998350180915
"120",1.12812665841044,11.6977303758673
"121",1.63722102494313,11.0862845701638
"122",1.51262396272879,12.8163943131852
"123",1.26193644029154,12.1097783963869
"124",1.02610793579105,8.87408502142713
"125",1.20028229429934,8.2009545771374
"126",1.1570214911008,10.82598693499
"127",1.12860496354004,12.2079245107798
"128",0.946369831280606,8.13870526772
"129",1.22766171210714,11.4044883649536
"130",1.68584748250418,11.1559810820777
"131",1.16924770055964,12.4691647679827
"132",1.74802343718503,12.944939584506
"133",1.63635328030917,13.2744305964504
"134",1.10715897931461,10.0702919168727
"135",0.990000933785124,8.3464899636149
"136",1.4130278081592,10.2832047346619
"137",1.26854370507983,10.057118674357
"138",1.30972889124523,9.90834519989831
"139",1.05885684933966,15.5076777869334
"140",1.05122251524385,10.3081576855833
"141",1.33511396718961,11.182174149408
"142",1.51504160837464,11.2814848387266
"143",1.25388498842463,10.5846286598278
"144",1.26518296359872,11.3526177102273
"145",1.74614489607109,11.4736319125636
"146",1.29184104174183,10.1321014806059
"147",1.49271891355039,13.0543015424894
"148",1.30170251399325,9.19881174176243
"149",1.31649754458532,10.4014468418678
"150",1.17819161240406,9.99280573184278
"151",1.2779237282,12.6128749260002
"152",1.10764943870855,9.45684924348089
"153",1.39669906206029,11.0744825156643
"154",1.4063237956429,12.2745648943542
"155",1.23138023573501,12.546807324094
"156",1.28175151397849,8.89439090610166
"157",1.45454328799066,11.0168368023374
"158",1.44228162326559,12.8220542983473
"159",1.20140167771305,10.5722292048539
"160",1.1088587176503,8.58179265580365
"161",1.45270141960412,12.3778244151705
"162",1.05479646568275,9.81723968202609
"163",1.5189487521045,10.8968865449523
"164",1.32835728749808,10.1504493875457
"165",1.35384236182097,12.0261448662905
"166",1.46985514069396,11.4318507407239
"167",1.48087357943145,13.7443843090456
"168",1.23316457492281,10.6874156986858
"169",1.25640558846597,9.42471699125229
"170",1.19223223849678,15.7744921046026
"171",1.58253522497368,13.2224818329502
"172",1.13842226427497,10.2305274931075
"173",1.08182345008491,9.73979518670002
"174",1.07145451346513,11.4759172182484
"175",1.52429904663291,13.1878591972085
"176",1.60443224613695,12.4801457755438
"177",1.181111245893,10.3202056904378
"178",1.35223953278857,13.4167178661261
"179",1.54499201193173,12.8485071112153
"180",1.37552115512305,9.60122726479968
"181",1.64417828314919,13.2229783280049
"182",1.25093540161056,9.89691570034378
"183",1.54161160504945,12.1163536271847
"184",1.26612181468659,9.18743335436995
"185",1.27782618928553,11.5493603340871
"186",1.31100329764388,9.53097057393857
"187",1.17544792349589,9.42898686850983
"188",1.6300488410847,16.161268704065
"189",1.23964846809858,10.5965133154439
"190",1.43625294175044,11.4818043712217
"191",1.30737882164729,11.1267923712984
"192",1.19389922544368,9.09450514228478
"193",1.31717486851587,10.8521913793443
"194",1.73652989967402,11.6175955007679
"195",1.31357876987043,13.1108162049809
"196",1.06645582951878,10.0799140102112
"197",1.25966615776466,10.5244439506081
"198",1.11331778210808,10.1081318397015
"199",1.48181549114335,12.0510636671857
"200",1.37319497021272,10.4989598068462
"201",1.35587407079965,9.87887897226216
"202",1.17373233957994,12.3476265342345
"203",1.01956429246057,9.11277970932837
"204",1.12876075647023,8.92051296339258
"205",1.19129864894176,10.3019075458459
"206",1.11561188029248,9.30436756537749
"207",1.3926781441609,10.5698026195374
"208",1.0454456971293,11.1464695504541
"209",1.34224486013538,10.1137867577945
"210",0.987355982900623,9.10204285425717
"211",1.62177190697541,10.3211608821418
"212",1.42055683692329,10.4806730518129
"213",1.66053213850298,13.2578357074616
"214",1.00497403721287,10.5631042782729
"215",1.67839382908852,10.8087361120481
"216",1.40111881757982,11.6156133869699
"217",1.48889344046719,9.78471967592217
"218",1.16258462883831,9.69758096799558
"219",1.07549239515185,12.657013587855
"220",1.18634099118703,11.0122675340514
"221",1.11955899680048,11.640351129652
"222",1.56933216029895,13.3588322282472
"223",1.39839256755015,15.3899486336333
"224",1.71764921548285,13.055684552252
"225",1.23505804644015,10.7210951008219
"226",1.51841827968624,15.1304543651135
"227",1.35651671222859,13.6655152570272
"228",1.42871271947493,11.1082020447137
"229",1.33251389944642,11.9254395652252
"230",1.3285449513687,10.4358235635717
"231",1.73892377661597,11.9180249898975
"232",1.38630646451043,11.0254759271502
"233",1.61116771120324,14.4195083402561
"234",1.07529942276109,10.7841533009013
"235",1.13953325141081,9.74649467356206
"236",1.07722813214838,9.62916041606704
"237",1.80016417505949,14.2492536176432
"238",1.36465786402931,9.38525455509064
"239",1.25289555760949,12.9711395916577
"240",1.22346525683217,9.89232790674054
"241",1.60335014504141,11.0108149825728
"242",0.89090654447965,8.38964902049289
"243",1.26735194451408,10.1293639589403
"244",1.2726480664501,10.612213936773
"245",1.40783665715822,11.8600310056425
"246",1.53037442956307,10.4963793707356
"247",1.52029320804419,10.8339484158776
"248",1.74260301031397,11.4859764484679
"249",1.42539717744639,12.7724176500489
"250",1.30776658414326,10.3537592142057
"251",1.61792760757703,11.229335642498
"252",1.45897055723648,11.4154036239127
"253",1.13891133294066,9.40424057272142
"254",1.37791745689176,10.326599748365
"255",1.20241561544885,9.27470051507956
"256",1.3045868984075,10.8197469441412
"257",1.67323940063769,12.5587972858047
"258",1.25747525667097,9.40978632342485
"259",1.21653937256573,14.2613951844281
"260",1.45007349175633,9.9778417485584
"261",1.13627816804008,7.89605489163523
"262",1.16443803219061,10.4824169613371
"263",1.3000814813274,10.7971148471596
"264",1.04973575852281,9.12103443968529
"265",1.1534034907285,9.33580524522488
"266",1.35141130440047,12.411883116829
"267",1.84302893466787,15.5496724513225
"268",1.38417130069443,10.8739745083173
"269",1.11100456470061,9.34057608085053
"270",1.35662135734961,10.0206063194238
"271",1.20126414043247,9.40324824040078
"272",1.13158839720403,11.2559936563319
"273",1.24959099370226,10.1739555009563
"274",1.28684270567965,13.492281882678
"275",1.19809188789208,8.84688248579208
"276",1.27896430510637,11.8141558288369
"277",1.47223395311825,8.82220946234047
"278",1.31792732253925,10.876675123827
"279",1.11104677801344,10.8363212230804
"280",1.35861145392897,9.6633829062469
"281",1.19639370530722,9.36584172584217
"282",1.41834219958126,12.6547647563948
"283",1.48363388903991,15.4397477213473
"284",1.13356433551956,9.43903778214236
"285",1.74346245480085,13.7851929182153
"286",1.17986572892367,14.6131406900578
"287",1.30699385300657,10.4028893640191
"288",1.236038233101,13.143246932041
"289",1.13815665909072,11.2587345428803
"290",1.20233785042411,8.87141450980268
"291",1.53102221282197,12.0080897057734
"292",1.4311493683777,9.37733220667478
"293",0.942730457309007,9.01439286083227
"294",1.35218697862117,9.86771385200618
"295",1.02518333668707,9.22102352845996
"296",1.36464583355349,12.1091272959662
"297",1.35745083482795,11.111091936426
"298",1.30037524835514,9.89199920356247
"299",1.28314143844052,11.8599519938866
"300",1.43126201020979,10.9861531242819
"301",1.62391784985578,16.4490459882954
"302",1.07175166559185,10.4579006284892
"303",1.49873328258385,9.24505778154268
"304",1.41630682984764,9.91337733761328
"305",1.44079556900793,12.2298994386137
"306",1.03586690564332,9.41583241182987
"307",1.12818747582494,8.7475432849535
"308",1.35795414502106,12.6742117876093
"309",1.24722409646548,10.0741103431634
"310",1.21637661050346,9.13122794976986
"311",1.82127438524985,13.7243139567518
"312",1.65354917529189,13.1742683241876
"313",1.34064174158935,10.1124980615022
"314",1.36818451957447,11.860007608563
"315",1.17245634259111,10.6645539495428
"316",0.84217243787013,9.24066862161337
"317",1.27571968899578,11.3145946513893
"318",1.39096587003165,10.9023963476533
"319",1.17059058748493,10.3609288189408
"320",1.28071069729191,10.0295996129732
"321",1.37635820982436,11.5552086748207
"322",1.34871644132831,11.7295663391304
"323",1.47456384754643,10.4755077764553
"324",1.45270923820663,11.7028063294958
"325",1.18827516484638,10.304097306983
"326",1.32106570044497,10.6617688698637
"327",1.4114085850931,8.95044237573755
"328",1.65120443274018,13.6067407930058
"329",1.04035358873749,9.13945337785031
"330",1.38328671081833,11.0443447805534
"331",1.22831100680308,10.1073969522195
"332",1.10452338485872,9.5263513850191
"333",1.13085592378367,10.5161984989299
"334",1.61961625684551,13.0435081606957
"335",1.44470215290645,13.6796432234729
"336",1.45992715497762,11.1852158661357
"337",1.02669863242007,8.8353730182316
"338",1.26062749387939,10.0544048512668
"339",1.35600050203111,10.9065366009641
"340",1.6760415475495,11.6568453868737
"341",1.27370463554405,10.1190765359472
"342",1.37972407397002,9.38514119966976
"343",1.42244780012577,11.8599471787005
"344",1.18539561509265,10.0524648714373
"345",1.26630577769182,11.3155265305171
"346",1.10982080350502,9.96316366663872
"347",1.39673762794665,11.4104795281086
"348",1.50859586742288,12.2965057763927
"349",1.10216227375785,10.6211777386991
"350",0.992053327093862,13.0537635573423
"351",1.22041874341508,8.78160707397453
"352",1.26702051189786,10.4309735273957
"353",1.30923355659533,9.59143263017563
"354",1.33666020057678,12.8239342852292
"355",1.11086157995647,11.9196953172643
"356",1.12547086463899,9.89210741315835
"357",1.07581033317995,11.0914663254222
"358",1.2210576267542,10.7023242152843
"359",1.45143227953059,11.192808069578
"360",1.25135946898578,12.1820979098659
"361",1.23572043657425,11.8599802151212
"362",1.07207123971054,9.46483426698865
"363",1.14438655458577,10.6272338160163
"364",1.41574664947473,10.7292137892008
"365",1.36704513839338,9.28854095463408
"366",1.2520046961028,8.39157336973375
"367",1.28931167667798,10.5305833799288
"368",1.3762559884275,10.2338154055155
"369",1.43320997049901,12.7810773822925
"370",1.04636918031466,10.2321959876094
"371",1.88378291526879,13.8788074034161
"372",1.69742349292411,11.8599911427331
"373",1.51690553674142,10.8191325332064
"374",1.43463422205431,13.5735163049344
"375",1.71022047787526,12.7247253945364
"376",1.47050199169801,11.4761443683484
"377",1.56942168826439,11.8600043088283
"378",1.08849109401123,10.408519354682
"379",1.26377645248234,9.48422863143607
"380",1.36709631906008,13.7024726419381
"381",1.50240527321131,10.6860222434687
"382",1.11356782287934,10.5447418879629
"383",1.03362945214814,8.23155486653938
"384",1.20289893615218,8.27142132620048
"385",1.54524041844039,10.9334831998484
"386",1.30652946701716,11.1105522034141
"387",1.32460301849565,11.8598350212582
"388",0.806707147772688,8.28681095551941
"389",1.93443132601048,16.1490522556809
"390",0.9771701062804,8.95068225757399
"391",1.36007780395403,10.3051467291834
"392",1.48999902870676,12.3270412951282
"393",1.38999019359767,10.0414502145346
"394",1.15340158403491,10.194099722873
"395",1.41294356167272,11.2616376191743
"396",1.15316364440625,8.75638356621881
"397",1.65242418781834,12.3084273593543
"398",1.3586636805313,9.56366185334951
"399",1.08661825539809,10.5762892762333
"400",1.26510887466013,11.6902208461652
"401",1.37356380926162,13.3088742584537
"402",1.19861312765246,11.5460181300132
"403",1.51564604294784,9.8053290846074
"404",1.38861794205597,8.82102925351081
"405",1.01705251332277,11.0084931691364
"406",1.48339025452699,12.0330617951795
"407",1.38199434270829,15.0814085289884
"408",1.06257443591564,12.0746124353539
"409",1.47306353728049,10.8161508103184
"410",1.54246525712716,14.2698744672009
"411",1.34294631970737,12.1858208488707
"412",1.88029149165112,14.284793126199
"413",1.47240310940154,14.1094641446831
"414",1.20387137386464,11.7640868982464
"415",1.33205621106389,10.5058010063464
"416",1.34010037973782,12.0237588426941
"417",1.11159356608718,8.37902366757265
"418",0.939578550270306,8.34997949178778
"419",1.19051804232431,9.61641547779457
"420",1.33545514066767,11.6283901946265
"421",1.31670597683208,12.0682890431406
"422",1.31360291229267,11.6337593732539
"423",1.47356385738698,10.9049151639908
"424",1.42992102064873,9.61736479812452
"425",1.36187861112063,12.1373846315108
"426",1.29714232863338,11.8600015047802
"427",1.13130186674173,10.4476087551822
"428",1.3251004432391,10.535937785886
"429",1.83291024165804,14.4185696145481
"430",1.13552798740305,8.96596335016168
"431",1.55818489124982,13.5721866616312
"432",1.17297342122873,9.16681397048101
"433",1.15610109137916,10.4740021697851
"434",1.14593893752107,9.42479641038455
"435",1.32662846717025,14.3127229505016
"436",1.35020849793153,10.484572319407
"437",1.50239257305941,12.614281495261
"438",1.61626910445908,13.6186436909679
"439",1.37385589318559,12.4156696639103
"440",1.14108745949406,10.5737681175671
"441",1.36795148091334,11.0147090444504
"442",1.13332871914116,10.3570445841702
"443",1.3269814407906,11.3873435004249
"444",1.37559287541399,15.2010409337119
"445",1.47272860248674,10.5458492660468
"446",1.25829415652604,11.1015219186892
"447",1.45931952212109,9.91865876572431
"448",1.68926163566147,9.92928524605849
"449",1.2480099723863,14.9502978126299
"450",1.54878873653395,15.6124393128553
"451",1.38633741263622,10.2970636064682
"452",1.64235613475948,15.9913108944406
"453",1.23663149109928,11.008786650109
"454",1.17420330182476,9.88116845383746
"455",1.09729370723634,10.0143012724287
"456",1.3802404853853,12.2020282963772
"457",1.19741092078062,10.9482380722551
"458",1.10179107420348,10.9045834219522
"459",1.59096473574573,9.53120071483868
"460",1.46284092366183,12.6626681306724
"461",1.06609566315036,9.05493862630508
"462",1.17391024892669,10.4586923412642
"463",1.16673650733998,12.5146850838648
"464",1.49718270977214,10.4504367356516
"465",1.4934225515572,9.39365757309508
"466",1.53858843645378,10.1313850427048
"467",1.78657884605662,12.1363606543227
"468",1.31058219045469,9.61077585206649
"469",1.19421533144388,13.007844786453
"470",1.38898217610634,11.9443208951778
"471",1.31910745082872,12.580252824484
"472",1.67637456378301,11.6826516063364
"473",0.897636254228779,8.96262076609741
"474",1.45902591795311,9.2964332695702
"475",0.947881800601095,9.52486968891154
"476",1.47117089033031,13.8567416131846
"477",1.41455018457112,13.5324644663853
"478",1.16173363650766,10.3487411742166
"479",1.53722145901477,10.6245043826264
"480",1.39535028000871,13.1311914490492
"481",1.31449242228737,10.2203739768363
"482",1.31756112621105,10.6069347797342
"483",1.16512244630102,9.16017459142288
"484",1.43015892593509,14.6327302044893
"485",1.49682685023081,11.4298021862676
"486",1.33484041730686,10.2607271263984
"487",1.22418949161277,10.2167508011707
"488",1.11655599513346,9.24663687625863
"489",1.69891018129757,12.2217798572652
"490",1.3826353180933,12.7285496705498
"491",1.64598882844083,11.9134075788133
"492",1.32487414124767,10.9617786355101
"493",1.19943353391756,11.8600048237163
"494",1.77022834840997,12.4269085814113
"495",1.28091768508524,12.5701211342906
"496",1.47897814874814,11.3796858600288
"497",1.00973896740414,9.26569041709383
"498",1.44643001815524,11.8600030355391
"499",1.60788412984654,12.1614472346188
"500",1.59839124317101,13.1951315226932
"501",1.1725075297762,10.5398340193988
"502",1.18708245415095,10.8459293762334
"503",1.70655113362892,13.1656015788585
"504",1.5009057588029,11.8600231740605
"505",1.18751500625894,9.28083350926433
"506",1.24608912709917,10.2479301385215
"507",1.25940894216348,11.2093373657079
"508",1.33805623551615,10.7509733073094
"509",1.40486760831033,11.8600403460445
"510",1.20753356610078,8.63283424801626
"511",1.66821956674964,12.9603014707018
"512",1.27577363424127,10.0067220042341
"513",1.47196951909642,11.2995159596389
"514",1.33199749528066,10.3428015892792
"515",1.42410947451301,10.4507521264166
"516",1.2491949915608,11.9530429645742
"517",1.61199879076146,10.8562760743142
"518",1.36193558749279,10.3757343075311
"519",1.47921411506537,13.8842009355991
"520",1.01688850488663,11.7373993519858
"521",1.25739983469147,9.51412405685291
"522",1.57544494746541,12.3989811552423
"523",0.994643801760405,11.9347401360562
"524",1.43968082012059,15.1145381092897
"525",1.0931555261443,10.0056130008649
"526",1.1936486032169,10.3649172562426
"527",1.27063339026209,9.99822620665557
"528",1.39537905936049,11.0125130596959
"529",1.57928539274298,15.2826367982889
"530",1.32083224518337,11.4893180024723
"531",1.46641154892052,11.4565884299415
"532",1.06506095125136,10.0460623316984
"533",1.57144507168869,11.8996260450628
"534",1.69378462780743,16.9619965484536
"535",1.43389267260766,11.5984416954622
"536",1.49245959090364,10.706055350658
"537",1.32626439143276,12.7946983325596
"538",1.2535803465711,10.0076189421651
"539",1.34460499025489,9.13045260806691
"540",1.48676996228947,11.4597988708185
"541",1.16015001618145,11.0593089318872
"542",1.149994199635,10.9762513831908
"543",1.38751513015479,14.5609018692378
"544",1.00720203419881,7.61292182306402
"545",1.57444960969695,10.6249434880335
"546",1.0863277750581,8.42998808736626
"547",1.28559841465501,9.26601156864684
"548",1.22248704019036,11.4152484985498
"549",1.57095265500406,11.3246865385222
"550",1.45584165758442,10.6624194673133
"551",1.37354055938081,13.0956669213812
"552",1.50804554083586,10.9165118968943
"553",1.4950904755183,15.8059609950761
"554",1.3892836642959,11.0696875229813
"555",1.14531126517628,9.19018813015622
"556",1.44153674133232,8.49355343293539
"557",1.11936905083327,8.40010408432054
"558",1.41880645813035,10.3142858412296
"559",1.06157416598449,10.9786079906085
"560",1.28683646643144,11.9591075156353
"561",1.50134143129768,13.2843144216172
"562",1.19943583490836,11.1925785953556
"563",1.40156930947438,10.6987101103599
"564",1.37059422645363,10.6327714128268
"565",1.30405640951064,8.30983259523568
"566",1.51488280023155,11.1177908102619
"567",1.56623225896829,11.1546735514531
"568",1.43884675468821,13.3323268112851
"569",1.61091931153575,13.3707367032801
"570",1.50118456645259,10.3358031748786
"571",1.10342945589783,7.72863823231722
"572",1.22447604252842,11.8600020968268
"573",1.32407871550401,11.2798554332836
"574",1.01573274400873,9.88513852110135
"575",1.26023132667459,9.9325300207578
"576",1.82380351256877,12.4634153997896
"577",1.085709941889,9.90272463492076
"578",1.3479241841538,10.7909657321272
"579",1.30752182058347,9.37410192838423
"580",1.7795294215339,11.1584003648802
"581",1.75354236803182,12.7010581073424
"582",1.22908967413629,10.0685144013482
"583",1.33120248025766,8.88596642088914
"584",1.38355603913603,11.1702368743515
"585",1.30596363246952,10.0692921253117
"586",1.2953113369447,11.9765533450133
"587",1.67244777815529,13.0679386434165
"588",1.35775830349201,11.2903146914484
"589",1.62035176387692,11.3084712694622
"590",1.34623054905221,8.82229466242045
"591",1.52285790870053,11.5453279627612
"592",1.44207592916997,11.0715265952506
"593",1.46011631622212,11.3499780658147
"594",1.48512817206816,16.226467692914
"595",1.41847242029622,13.716169948102
"596",2.11636584116952,16.9608652801543
"597",1.38235907882321,11.8599500995603
"598",1.44169272546545,11.4463227930156
"599",1.23626876082463,11.6263711107881
"600",1.46999590634099,11.3045893498739
"601",0.991217647580576,10.10740716312
"602",1.25639340717286,10.2503496340341
"603",1.29730696747549,10.2031363454732
"604",1.61598939441479,13.3769994977371
"605",1.43650869576022,14.0011685776286
"606",1.29614120601789,11.9202043661281
"607",1.52139243063158,10.9572116047354
"608",1.25566207532677,9.45700353866545
"609",1.7518826398308,12.3510439345913
"610",1.29889882965746,10.9112379674761
"611",1.63094015166303,13.1280030773035
"612",1.42595890666234,10.3655523689045
"613",1.35219575003523,10.635020506037
"614",1.34489028868942,10.3678535826256
"615",1.4675252681863,13.8424616514241
"616",1.40879818221843,9.38525801170712
"617",1.21544432559194,12.430625421036
"618",1.14472256114376,11.471368484043
"619",1.15246476894321,8.76149898593144
"620",1.50619136900726,10.2239538770862
"621",1.63934481921589,14.0118493706046
"622",1.4852400251894,12.140585600583
"623",1.21845963103693,11.4938348853212
"624",1.1457695088157,10.286649864289
"625",1.24929706458892,10.7347461987563
"626",1.44940848325696,11.006618392782
"627",1.32085460177559,14.3026487225251
"628",1.57691859583365,12.3415837802858
"629",1.40584671161061,13.4403360888081
"630",1.19490079882523,11.4612619410408
"631",1.25626506070851,11.7652651129613
"632",1.37635162151236,10.9603431447124
"633",1.60931728375497,12.1241270797635
"634",0.979683059233983,8.99693470924728
"635",1.72215989109375,12.3539506975807
"636",1.57097742940127,13.9971834750112
"637",1.45192001160701,10.8103774291532
"638",1.21687272418528,13.4673783186142
"639",1.28425964400995,11.1144855521549
"640",1.804047366359,14.5505832715169
"641",1.43362859199044,10.8439542154602
"642",1.36900845669658,12.2870104307443
"643",1.29079309732198,13.0796839796378
"644",1.19521336231831,10.2539454329592
"645",1.03238190678118,11.9068184113907
"646",1.63380927431899,11.4858191303289
"647",1.49071257115305,11.0296560972397
"648",1.4591735508965,11.6430901640831
"649",1.19824037810232,9.21178908197059
"650",1.47133486825867,13.3660881475835
"651",1.23897716893966,13.8751729690961
"652",1.31580178328733,12.7548279104655
"653",1.4362535305822,10.7576483426123
"654",1.51725163257269,11.7747670077233
"655",1.23426932443751,10.8470525730829
"656",0.986674265916297,9.06355060494963
"657",1.71999092944897,12.66792143359
"658",1.28401341055124,10.9266113206634
"659",1.80135961216046,15.2316170170282
"660",1.1971219797625,9.91334889144011
"661",1.35459219275617,10.0243183723041
"662",1.16151663785428,8.73296907964061
"663",1.39901469670292,11.4775462376029
"664",1.06785665988476,9.59964646148926
"665",1.26352146509845,10.2083295003323
"666",1.15685305933039,10.6588678887777
"667",1.95131416249678,15.1546664362485
"668",1.4100429463059,12.3581417662239
"669",1.1058643920729,12.6181584564414
"670",1.27430169479741,11.4593509482317
"671",1.32517709097757,12.4932677138564
"672",1.21816861105417,13.0497732326558
"673",1.57818887663392,12.5710285483763
"674",1.58533884428078,11.3801969466429
"675",1.36162403687438,10.0606008008362
"676",1.05732127625971,9.94382068707357
"677",0.883300281313486,8.42132375871419
"678",1.32220727108932,10.6715355939337
"679",1.20036844895152,9.09607708227519
"680",1.10331363092241,7.86292895966704
"681",1.47244617961893,12.7339246293753
"682",1.65315835748542,11.5329559760431
"683",1.50133515586318,11.8599851186479
"684",1.23310676436541,8.72499871732709
"685",1.47258037881228,8.17647875113027
"686",1.44193215845312,12.3085102812702
"687",1.51104234837845,10.1734152849578
"688",1.12357390238332,8.75917388784765
"689",1.56772440268989,12.4877982210604
"690",1.36236946830439,13.8140684015344
"691",1.60677299584307,11.8509856726726
"692",2.08906554055854,13.3179866252781
"693",1.20890683722081,11.3444615296207
"694",1.43602889049244,12.3921635998094
"695",1.17250020516315,14.0513469763748
"696",1.39172716235686,9.97847557351615
"697",1.01042751538437,9.90081004168105
"698",1.69552050050955,14.9133871013349
"699",1.07271571199401,8.92159842047435
"700",1.06453038422356,11.1606957416761
"701",1.18969538253924,10.739995539243
"702",1.29915811515446,10.8375162826999
"703",1.21016483233687,9.97713330871977
"704",1.33895445956195,11.3003243379895
"705",0.995791280512552,8.76864349384186
"706",1.15565914419615,10.6452978066938
"707",1.56301136356687,10.3501925236024
"708",1.85347456006309,11.2908274194877
"709",1.12651913580254,10.425600373304
"710",1.01877011146263,10.6772291476578
"711",1.60737671414908,12.717471148446
"712",1.35955436825724,10.5205504804838
"713",1.53720650685853,10.849163904903
"714",1.44557979840299,12.3733802218726
"715",1.19147008067664,10.9019689783298
"716",1.35924584531665,10.6163407609179
"717",1.25051077592764,12.2960575131964
"718",1.76724996757127,15.9100415733782
"719",1.40718394472941,12.3663375012318
"720",1.62814773569372,11.8600289264312
"721",1.22635643604208,10.2204222768715
"722",1.2258495543432,11.7648446711969
"723",1.30473811289556,9.80317790382776
"724",1.26243307156135,12.8557394709357
"725",1.28660747231277,10.6523509294307
"726",1.33660959833308,13.2264039775176
"727",1.62698628429364,11.7413708953966
"728",1.34550034729828,9.99396697155656
"729",1.37834968240583,11.1297645134495
"730",1.36263352591605,12.1108638405896
"731",1.38964706392323,10.8782429223244
"732",1.7244883520385,11.8600017959211
"733",1.26081189039055,9.088674866268
"734",0.940012924671785,10.5556515767117
"735",1.48648476943296,11.6489843924743
"736",1.46777704069785,13.5828594301043
"737",1.58252676276677,14.0428373844387
"738",1.37125259221991,10.4150299024066
"739",1.2314835525309,10.7751256081478
"740",1.08658584684446,8.84442353694037
"741",1.6166293483295,13.5883431304628
"742",1.39131231800932,11.9982877968732
"743",1.41371331090596,11.5572041899746
"744",1.20879854474072,10.5615339509463
"745",1.3582307593143,12.2704384061584
"746",1.36437355291838,10.5216501263352
"747",1.33057663972648,10.9240774108322
"748",1.43813483210068,10.3504754136216
"749",1.64710288927187,11.6985596384015
"750",1.6726714716845,9.9170810194829
"751",1.19106340603358,11.5445412695193
"752",1.44510719319149,11.8599748775133
"753",1.00151581123041,10.6418765653602
"754",1.35102845934761,9.08225796889537
"755",1.24010926859811,10.788626842965
"756",1.28457568849883,11.4665655134388
"757",1.23160322149443,10.2535671802078
"758",1.12366908584102,10.6121228661676
"759",1.32973371732947,10.5011304470105
"760",1.40864526006485,12.6382421554227
"761",1.36748723779778,9.65316957411023
"762",1.22620971331336,9.96927829818402
"763",1.15067437067886,10.6699986618377
"764",1.13561823497379,9.80841042915082
"765",1.47517089390883,12.6239826302271
"766",1.11851684120294,10.1956803626454
"767",1.87893062342273,15.8329475872526
"768",1.30385140193367,11.3815648824718
"769",1.56747930280249,11.0705483901879
"770",1.04056100776488,8.15239220228582
"771",1.35260335302365,11.5996293567791
"772",1.24991967301092,9.57799128502857
"773",1.40578844795864,11.7883756338542
"774",1.38479449832387,10.8787536609295
"775",1.44779964446197,11.5955115732984
"776",1.18375172602625,8.7923357157198
"777",1.32714624177051,9.31867277366668
"778",1.25596517540863,10.8579787588352
"779",1.40494703851521,14.4188605219132
"780",1.6034171101596,11.5398733470759
"781",1.01949494051852,8.91135745417288
"782",1.29209348700783,9.84984190481127
"783",1.00381511916318,10.7926007013039
"784",1.57036302220896,11.2749446221704
"785",1.40453264859081,11.8599994084234
"786",0.990455780008852,12.6671017692053
"787",1.1413606077777,7.43072085106955
"788",1.68108014894013,13.0852061048385
"789",1.5840803489116,13.5380417415419
"790",1.4710063811205,11.8505971040231
"791",1.1140365582308,10.0541189421732
"792",1.05048720336908,11.8597602693867
"793",1.08436365927653,10.7779245949816
"794",2.07751999162387,15.2012751238344
"795",1.45151916600658,11.8599890851517
"796",1.41402513052711,19.0462928060485
"797",1.22151731621932,11.5020187148121
"798",1.36938489242705,11.801497055445
"799",1.75807194452421,11.0274728135733
"800",1.26112017379036,9.50534692108817
"801",1.4220991642368,13.2274199304271
"802",1.34935316021429,10.6165452957577
"803",1.36687714201888,10.4891946007624
"804",1.53731429648347,11.6968497581771
"805",1.44004482107625,11.1643567939481
"806",1.47948348518995,12.9239586799131
"807",1.36320195676043,13.3234724108983
"808",1.30716399137937,9.42330395460562
"809",1.18813886696172,11.8599280159247
"810",0.985508768760892,8.22336190808221
"811",1.32169320552126,9.92490625229594
"812",1.2667689917597,9.55054603333739
"813",1.22693003903141,9.77420782098109
"814",1.46420847412655,12.539842036585
"815",1.39623617946026,11.3617201291948
"816",1.47072546321183,10.3576478166739
"817",1.49206622252931,11.8251778238652
"818",1.14999617460215,13.5915597873
"819",1.46957384776301,11.6385014938105
"820",1.26073130278545,12.1477641262534
"821",1.18662303820272,12.0428758986259
"822",0.998940349460442,9.24572034089392
"823",1.34004808239051,12.0246503852626
"824",1.07110042325073,13.1821084345169
"825",1.69604748605267,13.7173602418267
"826",1.29452442569412,10.0232699068736
"827",1.4087292788467,11.9735629160183
"828",1.35235527100076,11.0478839372399
"829",1.07744115748115,11.2141603580203
"830",1.03610549050309,8.86463097105516
"831",1.54333944685154,13.2375560337837
"832",1.33596023675711,12.4330836823826
"833",1.35599144930416,10.2977276949703
"834",1.19548380649595,11.9822620361865
"835",1.33814450460074,11.6659738996927
"836",1.41039910422147,11.6230118209225
"837",1.64749718393614,12.3779824093121
"838",1.26442658735208,12.206994633347
"839",1.11225433535713,10.9954557657835
"840",1.66804692906514,9.75483535431858
"841",1.3558737328632,11.3187082333272
"842",1.33022271936687,11.9131129974913
"843",1.43783180504827,12.1714234382834
"844",1.05041385846119,9.65628106231495
"845",1.53019357461684,11.0457339913557
"846",1.38812723865643,11.7184599199842
"847",1.35641447559966,10.1544177082855
"848",1.52825101308093,14.9485305440256
"849",1.47970064313708,9.78136681500209
"850",1.02564077333372,9.33216549846176
"851",1.38877914022327,10.0537813272508
"852",1.62602722954536,14.0510138614383
"853",1.2205697470472,9.6649898666299
"854",1.18696437578723,10.7725612499157
"855",1.52757635081219,10.6582742049982
"856",1.82979212012394,11.7212788762209
"857",1.19772048796539,9.76689975698982
"858",1.51970974196534,11.089414542359
"859",1.2775636321157,10.2061643309405
"860",1.64331812782849,12.6432794711421
"861",1.20425181824794,12.0051007926151
"862",1.25186835175537,10.885443602221
"863",1.38674857845951,11.3479790306249
"864",1.51866902678683,10.7644015600207
"865",1.38461932767922,10.8883420188797
"866",1.45097477439789,14.046399929593
"867",1.2374160448333,10.0998704324132
"868",1.58034725355365,13.7854275472368
"869",1.3724669226027,11.860015119654
"870",1.2597698208675,9.11400139853695
"871",1.33015443613606,10.9484725468708
"872",1.13759377276334,10.1288557273075
"873",1.17715069171749,9.4159182878864
"874",1.01858869581702,9.63421246106483
"875",1.66401251381917,10.1184921609001
"876",1.04561276305094,10.2657535066654
"877",0.968828725140559,12.190900981997
"878",1.29610175707405,9.2468584376849
"879",1.25133493548669,10.9222839241052
"880",1.42779883745367,12.1663594451092
"881",1.16777361183739,10.3101355783144
"882",1.71753536588484,16.8959765268403
"883",1.02681798707024,11.6871795193259
"884",1.08913669128734,12.8447643067968
"885",1.10500537963296,10.3102584091688
"886",1.40439234168056,12.6122508766858
"887",1.42967102570648,9.27661048127993
"888",1.36199674189409,10.7827824511237
"889",1.16239653071303,11.8600239617275
"890",1.43874446526901,12.4612032251531
"891",1.25754153415331,10.4023344639191
"892",1.46707925135427,11.860035087242
"893",1.77994202451455,12.8689845070138
"894",1.39570013216582,11.5280589080361
"895",1.55455110824718,14.6000856149382
"896",1.23460856745733,10.1504220620972
"897",1.35872538653613,11.9085136949899
"898",1.49667568387831,10.968966345741
"899",1.56368180854195,9.96648369285013
"900",1.44902118388029,11.8600323382248
"901",1.22824333346454,10.8529983897262
"902",1.59331366213389,9.84489471232248
"903",1.50445031869842,13.2627533785989
"904",1.2687729274387,9.47759989321825
"905",1.37746745979294,13.4663245973542
"906",1.3830371352196,12.8088205053063
"907",1.65874735291441,14.3773417731406
"908",1.24940022791573,11.105162644987
"909",1.08665139527994,11.9130756697188
"910",1.44796529057339,12.5950707972884
"911",0.878983024251228,10.4237617585748
"912",1.38833260149304,12.0814944161392
"913",1.36124978894231,11.6508603727388
"914",1.70803393410859,13.2929675113432
"915",1.10267925932056,9.81932216369429
"916",1.29337597639907,10.3089838077072
"917",1.54784339857562,12.08311840738
"918",1.64681881907168,11.8600121856159
"919",1.57433283017796,15.140845864597
"920",1.45689203823445,11.8599779100458
"921",1.39048381713901,10.1077575747946
"922",1.3872351324473,11.1870575686622
"923",1.13360696415834,9.06146719059853
"924",1.23849261396454,10.7750397103649
"925",1.34203793782959,12.2777665897405
"926",1.25431484315821,11.0415182531357
"927",1.0574743830792,9.0264213458183
"928",1.18848318464028,10.7174401596076
"929",0.957396706989341,9.10962841505001
"930",1.64263685329292,12.029873863594
"931",1.26564899654016,9.0612380316652
"932",1.52731357752367,11.2210712611087
"933",1.15650339610989,12.0316014493006
"934",1.06110066145206,8.28894192151994
"935",0.997536369298631,8.52151166012258
"936",1.70491798128027,12.6204296536841
"937",1.41230355378314,13.2715610991561
"938",1.74689554409824,13.2665467765915
"939",1.50837790208991,10.790993093414
"940",1.26443070593188,10.1539027607335
"941",1.04377676012281,11.0709703381367
"942",1.43826455065468,10.1504094810582
"943",1.46464946799546,9.24740004890859
"944",1.60551739548814,12.4816727816132
"945",1.1095886521382,10.6071743496902
"946",1.05905963927822,9.05374374529996
"947",1.64146895590765,12.522383629675
"948",1.38085321042003,14.4679466923837
"949",1.49688890907544,11.848304362632
"950",1.30477586643031,12.5781558910425
"951",1.13479587869156,8.58631648804569
"952",1.23116178262181,11.0648126991139
"953",1.26495095026685,9.62353631899614
"954",1.37651387881212,12.0885002034469
"955",1.30239259144746,10.785292378599
"956",1.12492917637082,7.78480404863534
"957",1.04690729436287,9.84962919486937
"958",1.09045214756244,9.56050084216444
"959",1.15860841749837,9.04924835523882
"960",0.876675772640167,10.3159796110784
"961",1.55533319208138,13.2301479534773
"962",1.26877934758297,7.34848385050721
"963",1.34508813405913,11.715273685598
"964",1.78041017612846,12.3702461691359
"965",1.19137228426249,11.8600038182561
"966",1.40385262822797,11.8599645511823
"967",1.4759554329377,13.6624383817134
"968",1.45736901647532,12.130289107478
"969",1.72530339887719,12.0659728499699
"970",1.18377528559872,9.45366510714512
"971",1.10646998596708,11.092282131959
"972",1.30545441781624,15.1028656504926
"973",1.58212051414372,13.9508182603309
"974",1.56607509186511,11.8906517937121
"975",1.60983205812242,10.4393966830735
"976",1.51868594268203,10.758823020006
"977",1.03356282930903,10.1232641798234
"978",1.20579961872838,11.6840548141655
"979",1.2243505717014,11.3861776372651
"980",1.17974440970251,8.87981546461796
"981",1.12435285880606,10.1644760560577
"982",1.4555641996335,11.6250719033824
"983",1.31401413803591,9.68774580501358
"984",1.19800473450945,10.6006672887183
"985",1.24456913867612,12.9187605867098
"986",1.44197561131687,14.57863162147
"987",1.20310624588736,9.00195586139391
"988",1.05073147272353,11.6891536849265
"989",1.15439218613239,9.21635523454324
"990",1.13334476078424,10.8473892082807
"991",1.31087665692073,10.075600295898
"992",1.60394193252645,13.5618655660017
"993",1.46794207024254,11.5065318430465
"994",1.11470634342194,8.3029659206775
"995",1.61878882033642,13.109242370105
"996",1.13152316762078,12.5285908505328
"997",1.16221513781573,9.0889793531056
"998",1.24482225600335,9.54044489861709
"999",1.38388172157478,12.7049893442896
"1000",1.36370579759287,15.5703982412046
